,forcing function,theta
0,-3.2654269295970546,1.0432326545793602
1,-4.351464435463598,0.10369802392187118
2,-4.451363532618017,-0.6507634855520735
3,-3.7609219456848306,-0.5884711489788407
4,-3.1370994567135075,-0.04405364769925284
5,-3.084688261037728,0.20737338577597395
6,-3.29569920278261,-0.10832414640422239
7,-3.175660881069921,-0.5381554357786289
8,-2.6057041169693025,-0.5721717836384703
9,-2.0012622452456132,-0.29292028460099023
10,-1.6904868897168328,-0.18864621447059698
11,-1.4895383990389615,-0.4300662662721892
12,-1.0361547139765497,-0.5975370226349634
13,-0.4082871499331081,-0.23928967264510165
14,-0.15686461157186754,0.46464955523971163
15,-0.643174264187014,0.8321174673004419
16,-1.513357201399272,0.49728016688178783
17,-2.0311276206648436,-0.10142693789229423
18,-1.9208418277700938,-0.22124567841859524
19,-1.6852914960913776,0.267780857546878
20,-1.962365443867751,0.6841792206604849
21,-2.674975577560977,0.34855328065276964
22,-3.0346624036272987,-0.5456295451270615
23,-2.457160067669007,-1.074537129200039
24,-1.3268924875862438,-0.6167758997097339
25,-0.6782947416870917,0.4197274400511147
26,-1.1165149989363694,1.0254119034358005
27,-2.1881868131382074,0.668124313754163
28,-2.88353114166499,-0.21265918174176027
29,-2.6550479936108444,-0.7946353425282375
30,-1.8175233106327293,-0.7673667003011757
31,-1.0102318855651269,-0.4856994833319602
32,-0.49954263588678777,-0.33089591832503135
33,-0.1519991732535796,-0.19811427615747543
34,0.055788159504943646,0.22678584982474703
35,-0.18183423749666627,0.8360244238195765
36,-1.0570315758725417,1.0456816788335912
37,-2.150050713952049,0.491170515501142
38,-2.6601491621775812,-0.39455167903188915
39,-2.241618369631571,-0.7395266503911073
40,-1.4626353932181637,-0.20632146371804636
41,-1.2436314728599975,0.5679108190887737
42,-1.835912202805091,0.6484224876264042
43,-2.511327531783223,-0.1445982695300317
44,-2.3548683841346856,-1.0290651545427374
45,-1.2724277854974428,-1.1435958493452114
46,-0.07220508134333425,-0.4873819436771456
47,0.43837014060983276,0.15984382680595566
48,0.27009037004666303,0.18750834769201574
49,0.07317435025142399,-0.18491149462664233
50,0.26668417929022376,-0.2856633223848509
51,0.5653234894341821,0.12604998059484437
52,0.4321818093099803,0.5788433483946092
53,-0.1749000887364235,0.5158152555469602
54,-0.714759057140574,-0.002317858207639907
55,-0.7109020665647267,-0.40323405169233434
56,-0.2871767958853986,-0.34508037414808923
57,0.07479719057018491,-0.11516942701902051
58,0.19526352152111737,-0.17331850184957798
59,0.3763879331110764,-0.4588656015878094
60,0.856201055427462,-0.41279533775611194
61,1.2868055704442412,0.2514111484579014
62,1.0209312805126107,1.0091820890392684
63,-0.03801808474809154,0.991867003669464
64,-1.0767156150580472,-0.0006111071142648701
65,-1.0739221767360152,-1.1461558311676832
66,0.12858456258886014,-1.4005791063486248
67,1.5951415409813867,-0.5904756983959414
68,2.2103512499074256,0.4331723370185525
69,1.7522729786405071,0.7357991168616161
70,0.9781725060044496,0.24359270846416614
71,0.7211036654627123,-0.3423526600490638
72,1.078204380073169,-0.447270374141975
73,1.5444702900404321,-0.2131597118481987
74,1.7646216359978744,-0.13963218045368517
75,1.9073279440130682,-0.34780672242124716
76,2.2677682014938982,-0.4514128714772637
77,2.735993384748273,-0.1636602409992959
78,2.9019213251915774,0.21745335269195998
79,2.6683805038101056,0.14482932911710905
80,2.511365263549494,-0.4169518467568413
81,2.9430125253736406,-0.814592538240979
82,3.7902420823975604,-0.42903428646216674
83,4.231985423142248,0.5417725016043325
84,3.6561278888141695,1.2295723202942335
85,2.3610953845846696,1.0600954007589145
86,1.2461446287146778,0.40353451086083575
87,0.8210342046733818,0.11894258597197503
88,0.6948246148329347,0.5216607603737252
89,0.1471042513632987,1.007219055431655
90,-0.9080415920522384,0.7843153400193796
91,-1.7276320482351593,-0.15918653527294915
92,-1.5574621294831403,-1.0047234327137615
93,-0.5021092139769583,-1.0116495514860455
94,0.5583866588126498,-0.3030154775712448
95,0.8746153231098143,0.35941446909695884
96,0.4964544883604862,0.4636436314240169
97,0.009891692687233167,0.20710996740059362
98,-0.20703253322343412,0.053679362937757984
99,-0.2628363916073189,0.0632356254052046
100,-0.32853683168773284,-0.10627194125835797
101,-0.21658209106977927,-0.5693887613390047
102,0.3801669018890773,-0.8672940366649204
103,1.287715964727965,-0.4657464248189498
104,1.77291265647474,0.4777617155762002
105,1.2690111994285098,1.1022724121054033
106,0.11207299987020712,0.7385601384923184
107,-0.6616386664149534,-0.29205495980226787
108,-0.3544488050749448,-0.9582445656003844
109,0.6498211761136821,-0.6211286257444061
110,1.299024066278417,0.2862331492436072
111,0.9966565649989827,0.7743458916486282
112,0.18369762786823912,0.3937971232560767
113,-0.22909002199895412,-0.34828665616260684
114,0.13612570178908304,-0.6673336704001886
115,0.8347461187259835,-0.400300375963908
116,1.2523076803140352,-0.06363977356806376
117,1.316452438624146,-0.09752572548637423
118,1.4159573660491982,-0.3057407050681892
119,1.7333249956578878,-0.18281786290541507
120,1.9213218813662585,0.3448763058074604
121,1.556293323713342,0.7576682556008324
122,0.7596814542315994,0.5859016064515092
123,0.14455250547336373,0.02557981483461371
124,0.11747388595358416,-0.29033148628054845
125,0.4213005435674618,-0.0993227602758005
126,0.524477793471014,0.14138248079571747
127,0.3753602124831386,-0.14722179446554629
128,0.5287935791733878,-0.8421043873729429
129,1.4096644910811262,-1.136214141682502
130,2.5967922133401626,-0.46477290096339513
131,3.078351189640501,0.7403210810390923
132,2.2968627473748753,1.4114359651810768
133,0.8140845818449496,0.9645426314840925
134,-0.19770057975973448,-0.09026851066332157
135,-0.10276776338665783,-0.7318622538911376
136,0.6639106569458831,-0.5098651007244654
137,1.1965600595375632,0.10055897705251457
138,1.0888524094987326,0.38124499984792215
139,0.6874001782267322,0.18792664011452115
140,0.48921146484962175,-0.05509220015572346
141,0.5459306173299739,-0.04451121114859227
142,0.5914549550232818,-0.002023277260133388
143,0.5923910055461462,-0.27406604642661075
144,0.8782331771934158,-0.7137391714558179
145,1.6239694512229224,-0.7428046807523854
146,2.3986543042857194,-0.09597312719410299
147,2.4943688054790467,0.7012823643199109
148,1.7549332317512405,0.8203905735056872
149,0.892235552008471,0.08665236916007238
150,0.7997008187994565,-0.7440404454495412
151,1.577328414597234,-0.7840390362735894
152,2.3952909266585953,0.005039668299925803
153,2.385222344635477,0.7926012789991763
154,1.5503675697525565,0.8408416999948114
155,0.6666607369034763,0.3122988691138007
156,0.33825956371499527,-0.008461740339125744
157,0.34644495062756686,0.2978224091002793
158,0.03384527792774222,0.7908761592449312
159,-0.7945000401155619,0.7350957571647815
160,-1.562770344305966,-0.0020889545185829588
161,-1.5574570599708228,-0.8070172555803392
162,-0.7091600905064822,-1.0554519079953344
163,0.3976237057512195,-0.7846465708504873
164,1.2185818928353076,-0.5029310088587979
165,1.742859939690378,-0.4615056433905229
166,2.2227050104932182,-0.3725297102375218
167,2.6084066809692708,0.07068821305316556
168,2.529158725418267,0.6028765323641564
169,1.8927131318973258,0.5854237564488147
170,1.2758185678778127,-0.17024924983442408
171,1.45156746880481,-0.9984174725856781
172,2.4942981486793774,-1.009046907031202
173,3.5460754801567074,-0.09890420283495427
174,3.6425648286701984,0.853980978531608
175,2.740912950756243,0.9058161997778865
176,1.7867778064792934,0.06026186265149379
177,1.720092533511487,-0.7676112775089571
178,2.520564870443784,-0.7701281515725407
179,3.3220721627147545,-0.06529602843095939
180,3.383811973172818,0.5732576852753879
181,2.776676630528056,0.653229825725977
182,2.0870014410835567,0.418673921129782
183,1.644353932544928,0.36157536182392225
184,1.2623905366789259,0.5157115139040164
185,0.7197656347317871,0.4633101939729308
186,0.23310542286800187,0.0025820287877451414
187,0.2299350760416597,-0.4558392462872258
188,0.7068716288528343,-0.3424162912992169
189,1.0640674479836842,0.3168933157874289
190,0.7300597378864182,0.8379591592840993
191,-0.14898761983136904,0.6583452021004094
192,-0.8381687693437738,0.024443579156225925
193,-0.8620919767074764,-0.29087895914946293
194,-0.5557328238603778,0.06253463517594655
195,-0.620113330190643,0.5522445800879239
196,-1.197233982463229,0.39066644200169126
197,-1.603981034238958,-0.47511559442498136
198,-1.1031886997848934,-1.2097008453135334
199,0.16592670554954014,-0.9930959555560875
200,1.2056554890916327,0.058227009679416686
201,1.1422635443325544,1.0171607003280658
202,0.07471558529829969,1.1478604667999757
203,-1.127577990709613,0.6125488613409705
204,-1.7668398556433604,0.12641146912825077
205,-1.895695792830772,0.07842125294574936
206,-1.974034287922327,0.20311736530469343
207,-2.18280924490423,0.10771540954938547
208,-2.291253024981427,-0.13123732099302737
209,-2.1492268299300243,-0.11067948461470842
210,-2.029014728024999,0.2373142870076467
211,-2.2734938586715265,0.41052099208531523
212,-2.6988818859163857,-0.06417204755482459
213,-2.626277302621168,-0.9161755518276821
214,-1.6615221715893878,-1.2715069821942724
215,-0.3265610771738995,-0.6060192813652071
216,0.30877069436602117,0.5820729811594145
217,-0.30144674736558646,1.2274289090220465
218,-1.586319326598356,0.8178534340882496
219,-2.4396773774855007,-0.08943017714203023
220,-2.3411385868212435,-0.5346866044693965
221,-1.7764837437504961,-0.21040915905616692
222,-1.5525711194096923,0.30876964196370127
223,-1.8728377004126144,0.35511475747985843
224,-2.241000579053947,-0.0310575980423492
225,-2.2039922293376333,-0.23809407557207496
226,-1.9502304190891722,0.08461767203993702
227,-2.0349493000044028,0.5736194811581742
228,-2.6316260257404704,0.6241546908370633
229,-3.2800344774930994,0.152697832726931
230,-3.4333935022357758,-0.3273480456411967
231,-3.0836979936458633,-0.38815514568536735
232,-2.6710191364049347,-0.22216194157990157
233,-2.433008855779888,-0.3245155443363693
234,-2.0882805701219214,-0.7407963550771113
235,-1.3082745187863682,-0.8968719034386906
236,-0.3663719340569669,-0.3082802218579312
237,-0.04278003230808891,0.6893100293954408
238,-0.7646027875681496,1.162557709402518
239,-1.9806100194050147,0.5970939015542276
240,-2.6019799771813608,-0.46449761569073306
241,-2.1103117603385226,-0.9570543954076111
242,-1.1037765079871231,-0.43054280191816496
243,-0.6506652751269625,0.4966883082701196
244,-1.1695412299401955,0.8620293784221594
245,-2.069997913970051,0.3953957431825167
246,-2.479952393305607,-0.302346477200126
247,-2.158347689093512,-0.543171053273584
248,-1.5851727394030066,-0.2893069244419301
249,-1.2790138031172282,-0.003065020746574443
250,-1.2732458063110166,0.06998581636899677
251,-1.3439948430339914,0.19283405839605974
252,-1.543260262260329,0.6430339741376846
253,-2.213617552459706,1.1487922106321398
254,-3.412310269291242,1.0872530877575353
255,-4.544156219965716,0.2721250630798439
256,-4.8200620864410215,-0.6746465887768852
257,-4.1038705389983905,-0.927243587646096
258,-3.124568765181183,-0.38230452078179555
259,-2.7179354742668203,0.2103633070218195
260,-2.932811239740349,0.11424288620653159
261,-3.0465911845704268,-0.5384749642501353
262,-2.4765579205122585,-0.9248041533774188
263,-1.503065569930234,-0.5344617944632168
264,-0.940322314430325,0.20245953444367398
265,-1.1504757548993385,0.41397656453101994
266,-1.5817288089022625,-0.1895087270162982
267,-1.3800945326026999,-0.9815244654551589
268,-0.3493924261275018,-1.1455400908468893
269,0.8510203942878993,-0.570296854191733
270,1.446585219912975,0.12478113903498239
271,1.3130098629045834,0.3783070956117522
272,0.9141861579253384,0.27536651728575673
273,0.6239688602881308,0.2581020702499728
274,0.3524129003857412,0.4310032337871571
275,-0.09967781149544014,0.4197946715978873
276,-0.5391257136111761,-0.03243269814416521
277,-0.5040809834149986,-0.5619462632447954
278,0.08544854470378416,-0.5259804983888687
279,0.6361323853853712,0.1606035011173261
280,0.46666149012529834,0.7645858861244998
281,-0.3350158891357815,0.4899308316992405
282,-0.8474460970969722,-0.5695652746245496
283,-0.24925051531863646,-1.4261231920575648
284,1.2448142289402857,-1.219245955282375
285,2.5192301379171216,-0.12752444625503076
286,2.6477469056704277,0.8557010370025825
287,1.7462832615336086,0.9964312188877765
288,0.6992370661810305,0.5041157701922491
289,0.169882591310845,0.10904529572114947
290,0.05534064950070755,0.1431337194291098
291,-0.09467271397723831,0.2529976603122637
292,-0.35944558721494935,0.008982905561287636
293,-0.3681344138219615,-0.44928569967570336
294,0.1031348063930585,-0.5772781465749207
295,0.7075068491445307,-0.16317944444070384
296,0.8769882286629807,0.3475166879152963
297,0.5112830894173038,0.3896600410056047
298,0.10217299838638833,-0.0004749147033197342
299,0.1024660263705181,-0.2246988816005412
300,0.33758625158243155,0.09211004807623907
301,0.24044503797217273,0.5644417103370396
302,-0.3511706779901257,0.4833604722123226
303,-0.8566874968215832,-0.263262036200958
304,-0.5792621128071778,-0.9364107784336494
305,0.4025911622314968,-0.7425255759570321
306,1.1794264678813,0.22148524818405527
307,0.9451080676195649,1.0088587639529358
308,-0.11335103570357441,0.8418596874092771
309,-0.994796560584114,-0.05390882053992993
310,-0.9363487350892583,-0.7431870398615567
311,-0.15614280433051403,-0.6228177871690654
312,0.4964410576598223,0.003477731602223704
313,0.4918059779047634,0.4092994998185992
314,0.062166609066342415,0.307971681289971
315,-0.2604937502164964,0.04492341248402272
316,-0.3070206564677612,-0.00509172293553098
317,-0.3010740986241827,0.03951012575029622
318,-0.34185055671774706,-0.1768209593602864
319,-0.1559838241056525,-0.5961312837832494
320,0.4686511802547079,-0.6477379739628516
321,1.1460841461542681,0.06035507208721326
322,1.0805826430870205,1.1020500533861897
323,-0.07574582503276656,1.5319371038106449
324,-1.6799785533036737,0.8871020189878375
325,-2.605672718056134,-0.2613903501686924
326,-2.3267095638759834,-0.8985480343322568
327,-1.381014711951998,-0.6516009826999251
328,-0.6958367192824009,-0.12535835279571672
329,-0.5631583483936293,-0.12043880215293976
330,-0.4358975362533236,-0.6819577265479667
331,0.2791825722056435,-1.0960596787116428
332,1.4265178433224053,-0.7907717706387208
333,2.2518331098564426,-0.026787284076252832
334,2.275383530034648,0.43457309174467984
335,1.8157081961349117,0.23501457021430203
336,1.5659480927584135,-0.21836089542098247
337,1.7915036368012138,-0.3247853338946328
338,2.128065445699334,-0.0258518146058214
339,2.1508836922786108,0.21624380286998865
340,1.9201116970254852,0.1107914480840454
341,1.8002405670321466,-0.04783999228284677
342,1.8467424879541576,0.19155717748221754
343,1.6424328601871425,0.7326108245703908
344,0.871891138189651,0.9248024354658597
345,-0.09839007967410118,0.3572071113011288
346,-0.47229315726317095,-0.5150666880071088
347,0.06807622944949698,-0.7659128558784648
348,0.8700738569932942,-0.044058675171827065
349,0.9144759712693538,0.9501993094127517
350,-0.08248833839088573,1.1701294176040473
351,-1.3077895823568673,0.34430209454769933
352,-1.6657585506934889,-0.7513913629447136
353,-0.8755014850857584,-1.1535749267248199
354,0.33437836620987205,-0.6918956240487681
355,1.058325795282315,-0.0069938460851943305
356,1.063533737023768,0.2922417258837434
357,0.7553444870723498,0.2539421077403987
358,0.4878824679693629,0.29534306088270984
359,0.17759651975977178,0.49676528810145515
360,-0.3430165789417703,0.4571848980981175
361,-0.8211362580224894,-0.10364700120677725
362,-0.7109453951206881,-0.8283923605138207
363,0.158044509921226,-1.039139461598985
364,1.2460100157132938,-0.5502784748926027
365,1.8198197899812478,0.054316370787302184
366,1.759295094247377,0.09036619424498586
367,1.6611367856916397,-0.39258833482551064
368,2.0689688132676975,-0.6524055230083506
369,2.7480894268572866,-0.16628854513635508
370,2.9167457749622514,0.6787533483961796
371,2.200059887007444,0.9817184759932941
372,1.1675146642976677,0.3730862515014783
373,0.7744496937139738,-0.5281518184015777
374,1.3260295363997558,-0.7992714249571
375,2.1604473925637797,-0.24060085008538482
376,2.408105646411034,0.4472656283169958
377,1.9348720866514537,0.5012824822859157
378,1.4060136191801824,-0.07143316515260224
379,1.4780129158955042,-0.6130510138436055
380,2.1170998108668173,-0.6453663820380523
381,2.7887521321954396,-0.35336618986519414
382,3.153251922529556,-0.189104558262463
383,3.344992954994397,-0.20735627697518402
384,3.555465369455167,-0.04398061644381167
385,3.594414950488788,0.45087315480879253
386,3.115030641438018,0.823378646603523
387,2.2464833842698835,0.48960789748713485
388,1.729228383914527,-0.45101984899263675
389,2.1981190378216544,-1.124710444773629
390,3.3716221306562377,-0.7633401557253093
391,4.164318300213759,0.40801693067156447
392,3.728677130088482,1.3389506881493478
393,2.318948527240107,1.2409449864581827
394,1.0146798887464887,0.3763190132165763
395,0.6185349448767556,-0.32528280134945886
396,0.9579636844374058,-0.33102954436936416
397,1.3027320798078565,-0.0020762301724951923
398,1.30230103319932,-0.010984357646389718
399,1.3112002520339223,-0.46598560420501967
400,1.796600465667989,-0.8167364685693693
401,2.648368166138676,-0.5940311478231602
402,3.2651950126469274,-0.008254054453200566
403,3.2673090210647175,0.33933039939555676
404,2.90539666801278,0.2264937840566765
405,2.6623809318975655,0.05534768267108262
406,2.5990910300382746,0.2662825312921152
407,2.3150175010837417,0.7020577921960498
408,1.5751285311879097,0.7794982438904616
409,0.7556166370562951,0.27958663739154155
410,0.4612967838878235,-0.2700504693059552
411,0.7431956654700363,-0.1784247821225663
412,0.9285719750738903,0.5266432020324003
413,0.3751660496707186,1.028934011279615
414,-0.7031777991145733,0.6353578438143223
415,-1.3671761106420974,-0.37453086069311203
416,-0.9721988906981431,-0.9893923545923499
417,0.06592739540614878,-0.5608170106479526
418,0.6531342504805707,0.493637938725643
419,0.13484532174133973,1.1661629742543222
420,-1.086736568401558,0.9302293387901014
421,-2.058784078848186,0.18272869120214935
422,-2.246036657651678,-0.35474790453847915
423,-1.8700202321447474,-0.454962722967389
424,-1.389801743860723,-0.44659226000287827
425,-0.9193100046037346,-0.57516531822359
426,-0.31510581873131294,-0.597188898123621
427,0.3109550597907344,-0.16658999098744456
428,0.484801378211474,0.5293221480370416
429,-0.0705226425252008,0.8075786640057805
430,-0.9161516106779125,0.26664130215008924
431,-1.1935703919068625,-0.6403457893619027
432,-0.5205547526099252,-1.019027441851357
433,0.5477048107769609,-0.5242015803146641
434,1.09560109371411,0.24025277382676943
435,0.8417952800905482,0.4212950273807915
436,0.39889312241061475,-0.0889066235388073
437,0.4912064590032152,-0.5418748065408545
438,1.057724752624879,-0.236932968686506
439,1.3037471119070103,0.6384361251426164
440,0.632511093667165,1.2245295110102237
441,-0.6511928872773067,0.9831373223327375
442,-1.6795215496981675,0.279168189244574
443,-1.9685328894387628,-0.10617338038294558
444,-1.8534013786409989,0.10702473268775728
445,-1.9617806346640532,0.4567236249280058
446,-2.4361796983098603,0.39660783185350107
447,-2.8466712238534404,-0.0282953369059673
448,-2.8113444245775394,-0.3229684257189042
449,-2.4674797514672755,-0.2501702665589288
450,-2.200543677844071,-0.13479876233271204
451,-2.0549690353773284,-0.35383025694017683
452,-1.680295789352665,-0.7045983791436596
453,-0.9390155285734212,-0.552485232411422
454,-0.35852458552702327,0.33431286545776656
455,-0.7079304523182564,1.3045435121175295
456,-2.072751507952429,1.4009390239579664
457,-3.5357970909926726,0.41942153297332396
458,-3.967981969758313,-0.7816819997899176
459,-3.141397340452814,-1.1378926912293252
460,-1.9434095643920768,-0.4640838448698444
461,-1.4534918269068275,0.43774371543417695
462,-1.909029976323555,0.7168836516742232
463,-2.655997843158939,0.341700352668281
464,-3.0085456136462745,-0.055581838476319194
465,-2.9443181531134903,-0.04757866673463131
466,-2.888600798693418,0.11883091562283055
467,-3.007274167155202,-0.026691453539780145
468,-2.97330589489877,-0.47153765175961404
469,-2.473522058525876,-0.7056645299850018
470,-1.7295387748336601,-0.40890539088513855
471,-1.2978366872120706,0.08100119427421826
472,-1.3800728503177766,0.16621523389071657
473,-1.551388453354735,-0.2311924522376668
474,-1.306159859916596,-0.5229697810788634
475,-0.7558459001154842,-0.18301905504243293
476,-0.5626599658646169,0.5367429183420422
477,-1.1236607712158648,0.833181736748803
478,-1.993997335422412,0.3062514235305812
479,-2.31074375603441,-0.5079221426502196
480,-1.7741798874745698,-0.7131729161106029
481,-1.0237318215454283,-0.09380623926126849
482,-0.9234419107244844,0.612552546841001
483,-1.5631159076098846,0.5494457761980144
484,-2.1354193920940916,-0.28575512476169784
485,-1.831879730987623,-1.0530370999211585
486,-0.7253795026508266,-1.0143948462931642
487,0.3384380337591159,-0.28926921227698404
488,0.6407102528807748,0.4056510462246174
489,0.21459406876865178,0.6125527314806468
490,-0.4273561934472075,0.5145232947903974
491,-0.965357190534333,0.4684038692869244
492,-1.4539817179869765,0.41497850988657436
493,-1.885677088599261,-0.004633731596489329
494,-1.877052868182147,-0.791482098270801
495,-1.0443865403598211,-1.3327003902550636
496,0.3534275994406761,-1.0135554550416
497,1.414208434590577,-0.012942349910724876
498,1.4249344266549033,0.7467880495081862
499,0.6399800188644704,0.5552053860740881
500,0.05723835389338977,-0.2953631363248041
501,0.3664550852927318,-0.8282020040698019
502,1.2330908307485957,-0.47017004853569494
503,1.7230295948735583,0.3425781828739409
504,1.3608044256766365,0.7237743497500868
505,0.6000803227058288,0.3708899172282896
506,0.2104504223219541,-0.14546346718820946
507,0.3623721279402204,-0.126550349821119
508,0.494182449108004,0.42013527627682135
509,0.05319011419432754,0.8521598200011226
510,-0.8393757310210058,0.7165717101410498
511,-1.5881562127300595,0.27269595541922587
512,-1.8705719697326386,0.0935308522664614
513,-1.9647848625997775,0.3064270311599549
514,-2.281773620479124,0.461539175764551
515,-2.7605759820800118,0.17538923900035583
516,-2.938738433506726,-0.31747333645082604
517,-2.6003739309123657,-0.4540537406105807
518,-2.11964670443752,-0.1183441614351145
519,-1.991466614337982,0.12621233295194076
520,-2.119664744446574,-0.2762402132880593
521,-1.8261214755175226,-1.0819754512140003
522,-0.6893258835663165,-1.3839272402129288
523,0.7614275631537889,-0.6190283289981681
524,1.408207618282907,0.7059026293062461
525,0.6661056041516409,1.4597810860417475
526,-0.8640424658531531,1.0442423308659234
527,-1.9559401657185926,-0.03084606568342815
528,-1.9197234728031167,-0.7652163652702662
529,-1.114479674327,-0.7190291876949226
530,-0.3592177872355633,-0.3062977165443129
531,-0.03771645411318822,-0.11557771940811466
532,0.08340250514581277,-0.18930340056306988
533,0.28149148223341924,-0.1298512813503846
534,0.4169206011750019,0.21604049398602065
535,0.1898294557054485,0.4671226155100873
536,-0.2997635992575219,0.21881705861508613
537,-0.5283292479779788,-0.3311255368813264
538,-0.18048773463139856,-0.52207136388214
539,0.3666339765114207,-0.03613418316904964
540,0.4037437199535465,0.6342821863102845
541,-0.2613419079934787,0.7065182505459967
542,-1.0007495577679228,0.04369082755990213
543,-1.0445050770822113,-0.633256656917702
544,-0.37921195431047583,-0.5619819012793473
545,0.21010515914942152,0.1638201508106122
546,0.038117549483043855,0.6937571915637816
547,-0.6885244746636177,0.4143328682815229
548,-1.1210745850029635,-0.33854024947271016
549,-0.7642822178696609,-0.6870563134143202
550,-0.043205634982595054,-0.23998452775309034
551,0.20821445597598237,0.47840818423034825
552,-0.2932346455900614,0.6714861267333315
553,-0.9958896755399453,0.17722020747463801
554,-1.1794990567170425,-0.42906670240106354
555,-0.7277822847671684,-0.5763573521057629
556,-0.12271274776119173,-0.3158538053504598
557,0.20832358282158367,-0.08812828798277057
558,0.30020291452902936,-0.04011289298228598
559,0.34161238779753583,0.15191338733366141
560,0.18183161206726728,0.7100838690363016
561,-0.5621966255499227,1.2317491280889807
562,-1.8510722323586464,1.0123872664124889
563,-2.907634344592743,-0.07544513444367641
564,-2.822806051889608,-1.2381102576019085
565,-1.5204984848807126,-1.4894198660184523
566,0.04239880379499167,-0.6956700956321599
567,0.770883162797574,0.26874849483900193
568,0.487883467700183,0.4671006286542601
569,-0.002282668646553132,-0.11895421031772989
570,0.12230159219664388,-0.6717290302481539
571,0.8255528789624208,-0.5283778818613333
572,1.3772672695456394,0.1074442054114818
573,1.2619873661416419,0.5185003347079502
574,0.7164425630999466,0.3742584374713149
575,0.32305211668898726,0.05645894951094733
576,0.2632770524980762,0.07331860949559953
577,0.18596456520516785,0.37308748111851414
578,-0.20513859294741976,0.44417695687543357
579,-0.6699109258640012,0.0412319576182622
580,-0.7117529696349802,-0.43760057213884723
581,-0.25203424333610447,-0.4397164757348601
582,0.20898101268785518,0.006151764948177735
583,0.20212036147963475,0.27892078986967844
584,-0.09039516289960084,-0.05744616581372342
585,-0.030051509687823996,-0.6565188689305406
586,0.6575750154597535,-0.7683911688636844
587,1.460989160766736,-0.1833025733938163
588,1.6500383511651264,0.4231919371837803
589,1.2035330904336692,0.229817055452628
590,0.9604406486458444,-0.738609839485395
591,1.7320593390457497,-1.5512797075667517
592,3.353236778635805,-1.353950754997263
593,4.764510991403236,-0.2805533564370336
594,5.0488030256464285,0.7287425839910154
595,4.27549973756595,0.9431746632451999
596,3.2791702303597865,0.5039840828770704
597,2.7447938041251874,0.053599318388750816
598,2.683170123016933,-0.08839417281055646
599,2.7703782204795075,-0.16252352042981116
600,2.935046913822737,-0.42461291701869175
601,3.3738701836748626,-0.6453516980266462
602,4.0429935858222095,-0.3771739528222751
603,4.429918553452841,0.35333144205253075
604,4.051017812825218,0.8943003423189333
605,3.106322914791967,0.6702820813202699
606,2.398129755864927,-0.07869448372921678
607,2.4757495352205403,-0.4808265640362124
608,2.9743634566491597,-0.010835507355897235
609,2.9797626610402186,0.871334417315367
610,2.0612622840490706,1.2087504074883784
611,0.79122611669926,0.6225260754111877
612,0.13767759523584422,-0.27712883895086304
613,0.42763682930612246,-0.6141390111835318
614,1.0699639264705607,-0.23490402443638717
615,1.3138369119834505,0.19492568078166092
616,1.1070652915669443,0.049091884650640974
617,1.0534376630903588,-0.5127329184966328
618,1.5883114519336021,-0.7892356598543359
619,2.411694375971635,-0.4172231289948823
620,2.8438250910666216,0.21337134675685251
621,2.6146755109733673,0.47915141599982475
622,2.107635107219109,0.2735601653828637
623,1.816922688102474,0.04123461552390655
624,1.7701041935024187,0.107997609876127
625,1.6534590406347058,0.22910069493127652
626,1.4102169850034931,-0.026326147538816538
627,1.4349676932021331,-0.5619617525219902
628,2.0206353457511006,-0.7062014828220404
629,2.7561926606060454,-0.005893291654557568
630,2.756852267666534,1.0812826268442308
631,1.6189208029840385,1.523448598874579
632,0.0201886778234594,0.8011878764554888
633,-0.8189286975236558,-0.48424387239630495
634,-0.31014650271846944,-1.2127232874381846
635,0.9605481952065342,-0.8987210296292183
636,1.8998497080613583,-0.10712291096003286
637,2.0082388886643723,0.28077765696596213
638,1.710166446695021,0.03933992089431318
639,1.665545761555592,-0.3008485024396564
640,1.9772906537007386,-0.22465911080831044
641,2.2086195780579945,0.14678025497699568
642,2.0504806721994466,0.32263696241421125
643,1.7084848651900402,0.16371892876601377
644,1.5336065050662948,0.07245483436248927
645,1.4546579829482302,0.40158239799810796
646,1.0311749627855158,0.8832663712836073
647,0.10407553101807865,0.8813321917731732
648,-0.8191440527404926,0.20340475685449283
649,-1.0305297728285934,-0.5608586939534942
650,-0.44108634885937936,-0.6688145718394728
651,0.2602394271973221,-0.10156114912371526
652,0.36608304423551585,0.3941403045322701
653,-0.04742878718873447,0.1949617309487214
654,-0.2515156312289618,-0.4335447230591869
655,0.20303496541718824,-0.6369162561046252
656,0.8696656740613786,-0.005079465999898851
657,0.8732460226632952,0.8907103957883284
658,-0.06133361244493028,1.1095403616971655
659,-1.2232227818968378,0.39081024114130014
660,-1.6300684556445648,-0.5748547039681082
661,-1.0247680564407746,-0.9297047257440232
662,-0.04904695936148651,-0.5341060051865405
663,0.5104156439452363,0.045432816259848886
664,0.4618134248232404,0.3094033835189764
665,0.136854362789461,0.3422046445988326
666,-0.22180725260170014,0.4842557321502435
667,-0.7285203961223541,0.7019781955902165
668,-1.462238929400382,0.5674114197241596
669,-2.0535594278816287,-0.09117890620505868
670,-1.9539614445894804,-0.7570488500197905
671,-1.1572029368689796,-0.690276895651659
672,-0.43196762516643,0.18038738806145355
673,-0.6200218107440718,1.0441107126508768
674,-1.7122697093237444,1.0344495264357707
675,-2.792215036977274,0.19305270174809766
676,-2.9888129990702774,-0.5603492363737502
677,-2.3959865590793563,-0.4461557201346679
678,-1.9239396345464193,0.33348207002045244
679,-2.2693445865042197,0.8813183792243947
680,-3.187802864267212,0.6414573390680132
681,-3.853219873257163,-0.041900506380896714
682,-3.8016314026642193,-0.44270721761771703
683,-3.330384774720593,-0.34403844859034455
684,-2.963415571756076,-0.20840683587091802
685,-2.7392260991743225,-0.48615351356036474
686,-2.224603359214278,-0.990982686789636
687,-1.1823067232865745,-1.136808235186617
688,0.010627130289232678,-0.7033948999944492
689,0.7472651521287227,-0.12668654682910235
690,0.8784483251735803,0.0628209913405875
691,0.8108995582591595,-0.0811806573625317
692,0.8942975457326239,-0.02405395702767762
693,0.9177004477240789,0.4745886273196364
694,0.4188325624455801,0.925945822999601
695,-0.5517399979481721,0.6483834387690964
696,-1.2296827758120994,-0.32499966792829543
697,-0.886854123945334,-1.1101371867567096
698,0.2775564706013024,-0.874724356593728
699,1.1930924628422939,0.2193430211184069
700,0.9609902661059425,1.1408564111954838
701,-0.2357405735920372,1.0686265351176558
702,-1.3544322393304917,0.2099743532360231
703,-1.5716276634038937,-0.5302157217159119
704,-1.0131941582626482,-0.5730722743235002
705,-0.4109942305026313,-0.17833469858894288
706,-0.2234038847972228,0.05495312554758361
707,-0.2805090008269601,-0.03223940164273077
708,-0.24618394177777966,-0.08033197181787276
709,-0.16156060819129928,0.16058983505073474
710,-0.3294218051131875,0.4043227101024687
711,-0.7522065704021057,0.2080332375198323
712,-0.9685735324409092,-0.34198717636394094
713,-0.6084762312751727,-0.5949406508084337
714,0.01581681848422041,-0.09725577212109915
715,0.11764029737059767,0.7657415298242739
716,-0.6845493349610698,1.1043863623102117
717,-1.839794334858892,0.5185575915639636
718,-2.379195539098988,-0.41683986056512395
719,-1.937884437820615,-0.7842548220894366
720,-1.1126655094723197,-0.35309474859237266
721,-0.7406471619062753,0.20319390361756254
722,-0.9519690510403496,0.1484226648596621
723,-1.1055068610277483,-0.4315266531487923
724,-0.6513617887434495,-0.7507593306207442
725,0.13620456146086352,-0.28146354822504555
726,0.43070644439728856,0.611955139278279
727,-0.21105018952596502,1.0972914611837188
728,-1.3598117603290094,0.8067169081093608
729,-2.2019596408949136,0.15940280894726458
730,-2.3644968777806423,-0.23799794484072606
731,-2.1105147351025386,-0.29458072696719045
732,-1.7977819079460056,-0.37182734717845867
733,-1.4047748422712663,-0.6246699091372458
734,-0.7477540052001213,-0.6925045536798938
735,-0.0210045847518325,-0.19953764951936395
736,0.18801144520002797,0.5887964203732612
737,-0.42900587663339973,0.8904878701993191
738,-1.3607479588559335,0.28873952158260463
739,-1.660420817734084,-0.672678529899379
740,-0.952609683536578,-0.9812103921709192
741,0.07690852705945878,-0.2538516727999091
742,0.3426113284184791,0.8128585359295853
743,-0.5093734709830504,1.1851621946068245
744,-1.7495646394770954,0.5914024837776333
745,-2.365436116363827,-0.26073904808597104
746,-2.087635538314995,-0.540049689349653
747,-1.517870989838825,-0.17836935835640622
748,-1.3280305917459159,0.210787966259877
749,-1.5461309088597817,0.16967724650704075
750,-1.7207401310640758,-0.09343452697891569
751,-1.6194454946195762,-0.10515498443983971
752,-1.5060787157022648,0.16048776728720565
753,-1.6711439817404392,0.22167877471892314
754,-1.8999639197363458,-0.23989638847974276
755,-1.6449226196920097,-0.8724556241565454
756,-0.7279176927457978,-1.015783709309839
757,0.3373594640344516,-0.5116690672388741
758,0.8725512472347898,0.07176931126487507
759,0.7956427779274523,0.1306361876194901
760,0.6572373650513599,-0.20633883760889352
761,0.8720197354156651,-0.21621973114848764
762,1.096720713711743,0.490638363787968
763,0.5806860404274794,1.3810643696813776
764,-0.8668518675439677,1.51844649383156
765,-2.4553737868614087,0.6324941842967003
766,-3.112868621052904,-0.5137728850694092
767,-2.5685730718203197,-0.9114392938994513
768,-1.6088935904131936,-0.35191403686793765
769,-1.2371193356625376,0.44497505791773767
770,-1.700663551277494,0.6979401518524878
771,-2.428208790646892,0.36678494944983747
772,-2.8074830162480406,0.0040429459697746755
773,-2.806102191878257,-0.028926248835571242
774,-2.770195782165928,0.05442386565288734
775,-2.8216530251803227,-0.09152094595477049
776,-2.7201606394798725,-0.3533187880216788
777,-2.344692667135121,-0.26814169484325107
778,-2.0591808493137322,0.28048564089651645
779,-2.3488126259526476,0.7310351777958891
780,-3.1097216960052636,0.41947163342448157
781,-3.5428111953215815,-0.5687817213402747
782,-2.9400454917919023,-1.3475873634168547
783,-1.522849038372233,-1.1479862380494494
784,-0.3175274763376721,-0.18107428008843668
785,-0.12725492459430143,0.5759798737000664
786,-0.7302190573759424,0.4481530912009295
787,-1.1981053997804834,-0.24283859661928447
788,-0.9413864681364432,-0.6362968004822969
789,-0.2731156670359378,-0.35781092221745625
790,0.10216278789470734,0.10983325128091267
791,-0.013068933218002454,0.09880166462654709
792,-0.11651690746390658,-0.40007405399877755
793,0.302710155178192,-0.7501249359124259
794,1.087703965510848,-0.4735716219160039
795,1.5814959411717913,0.17814623801129983
796,1.3917619651461304,0.5723134275294994
797,0.7895996353280543,0.47243091951381866
798,0.2932477000323207,0.24469221642073316
799,0.036397204115276166,0.26654139121233605
800,-0.2428220388991842,0.35773772269700177
801,-0.6169919572056738,0.023730747555384693
802,-0.6406109759439702,-0.7772427118546749
803,0.1746696842657688,-1.3733713009494448
804,1.6126399977437549,-1.0719687224953056
805,2.7320781080025025,-0.032139006525531394
806,2.7602728499130835,0.777414528868706
807,1.9405729235117253,0.5869722288205153
808,1.3219609384488122,-0.32433192543083195
809,1.658986982057737,-0.9282734387932754
810,2.6278415948578586,-0.5668626206795031
811,3.2162561356081314,0.37939832794417844
812,2.8124831000844144,0.9906478560327715
813,1.7693613699740363,0.8263769286852146
814,0.9003653769640704,0.2771720088696491
815,0.6082848454741279,-0.055582712856512416
816,0.6652795608193371,-0.08769844394962795
817,0.7557948087053199,-0.19223718655557082
818,0.9556115293850953,-0.5299526614485834
819,1.5087150554425028,-0.7282002364047896
820,2.268335311516269,-0.371082405732881
821,2.6524299721451596,0.34356662162191703
822,2.2873108190091718,0.6976240090916508
823,1.5521207244248205,0.2722409178821119
824,1.2639009703479474,-0.5012549290253092
825,1.7863330354183564,-0.7915203679111933
826,2.6117126708903955,-0.3303658078628913
827,2.9524784428976605,0.2702876243279704
828,2.6635036404985963,0.2593184944630453
829,2.386594660684085,-0.32898053127940446
830,2.7263598807614975,-0.6893387267060785
831,3.442845530765024,-0.20385361578539296
832,3.649453933897288,0.7914786014521826
833,2.813246466130835,1.346746415236973
834,1.3971843283756442,0.9439607283474112
835,0.4057882129379811,0.02816860583787533
836,0.3754759040139862,-0.5513472263668738
837,0.952146040499898,-0.4702113546106993
838,1.4426899536934656,-0.13736142983446972
839,1.5836619879736558,-0.04147063850844469
840,1.623926498011972,-0.14082440210951722
841,1.7681627995300633,-0.05599956260659459
842,1.8232743220345649,0.2703186105471358
843,1.536525476283137,0.39528718067407975
844,1.1194716467248367,-0.027755745920078092
845,1.1463010513782708,-0.6569260206738218
846,1.8320012778341164,-0.7295607669501921
847,2.592399833105894,0.024908040657962448
848,2.5611290621022293,0.9295723596609141
849,1.5824738688432303,1.0051648249938923
850,0.5266086636156244,0.04701710542689047
851,0.476314846380195,-1.1065169105805004
852,1.6342076196710904,-1.450490191477523
853,3.150024791279924,-0.845289143409697
854,4.028988607676984,-0.05044519497564359
855,4.073761438324721,0.20786848967440372
856,3.8479150792342045,0.0005609792759285426
857,3.8396317404268734,-0.06214403926194479
858,3.8970353812676173,0.3087281314440684
859,3.5659130608645047,0.7234239982089098
860,2.8011456607029324,0.6649793633902026
861,2.099116346011899,0.19353155480747652
862,1.892234222566443,-0.11508547468250238
863,2.0089777569116545,0.09357977336462951
864,1.9069545299565107,0.5042636741244639
865,1.3750297216748093,0.5609631629438876
866,0.7847878883554904,0.2195295059075606
867,0.5533069968928888,0.029270887414706386
868,0.5215452406256882,0.3959188296005296
869,0.10585985118802677,0.9560754579018084
870,-0.8956412647276936,0.9163659045386466
871,-1.8535519133404046,0.02268993695320722
872,-1.8736077804008282,-1.0134874922669463
873,-0.8084440513058309,-1.2168835227230501
874,0.4676042194444761,-0.41741573558485473
875,0.9038248300357553,0.5492546028985162
876,0.3267876781870206,0.7511378806250064
877,-0.4605259758775207,0.13600925202659542
878,-0.6020462142189057,-0.5145974349996133
879,-0.061908765929117926,-0.5210120600938899
880,0.4838663877599959,0.00363794026435755
881,0.47908867222563295,0.45101031730817387
882,0.005791366655311103,0.5123933364175378
883,-0.5308452389304839,0.44197826281775293
884,-0.9926634856569743,0.5327177046747907
885,-1.5485887131899911,0.5928726267294439
886,-2.16640180967874,0.1824822589149331
887,-2.3531810666592543,-0.6772434125796564
888,-1.639203650586809,-1.3010947223529605
889,-0.2733002138552043,-1.0304954107537678
890,0.8064751431590322,-0.04247764022406021
891,0.8493486509038177,0.7445163990501462
892,0.06792449415776541,0.6441640093375558
893,-0.6068386414544171,-0.054657271219788174
894,-0.5483828860007794,-0.4566891855935636
895,-0.0689995633249117,-0.11422764532603587
896,0.05076804147155034,0.4768192181201779
897,-0.4487020570700953,0.5106825034394841
898,-0.9826379355169601,-0.14348872053365685
899,-0.8303981879406539,-0.7844343292668486
900,-0.007206235808142003,-0.7107297856369373
901,0.7371492138165653,-0.022788036232284634
902,0.7595406247859571,0.5445769661620338
903,0.18769088905358888,0.49840174312725305
904,-0.33465624330450106,0.08616408381396047
905,-0.4242258159856956,-0.1351298911391756
906,-0.28185702096361476,-0.03446661805054067
907,-0.24519672177026092,0.010123235861859928
908,-0.2553083039763119,-0.2588523964149163
909,0.016296144789486933,-0.5245053121745809
910,0.565573340757139,-0.27691715315628096
911,0.8544550866703927,0.43035797803014203
912,0.4020360610809814,0.8711881299838403
913,-0.5111556572779286,0.44412918400992935
914,-0.9752659239650763,-0.5377172120933199
915,-0.4101688975799552,-1.071966560566234
916,0.7133125663001874,-0.5412803285968081
917,1.278764056198672,0.5746497306386641
918,0.6743809325542082,1.187302297633138
919,-0.570419055774552,0.745573555231243
920,-1.3501108274535147,-0.24981259345443727
921,-1.0857840795666451,-0.8880597687397483
922,-0.1535553466788795,-0.8299806736420154
923,0.7159832045992753,-0.4986345901345278
924,1.236766847387491,-0.3783237291542874
925,1.6305084191085715,-0.38743778481364455
926,2.0330075778088545,-0.10053772156481887
927,2.1342338318881633,0.5454384214679141
928,1.5587325151962117,1.0442190173594779
929,0.4620136813983911,0.9209674363356367
930,-0.5034314207804158,0.36804180000484427
931,-0.8878714896244192,0.05831056316909312
932,-0.9471638852590136,0.32047981250830215
933,-1.2809052390791846,0.7091454326300572
934,-2.0210251868211246,0.5513643458688592
935,-2.5944221538448886,-0.17231796440481195
936,-2.40876622494718,-0.720197872452614
937,-1.6496918115134473,-0.44716283857246647
938,-1.1780827302166892,0.38106357274339825
939,-1.574811084202548,0.8241313499608328
940,-2.434766957508037,0.32018912644235165
941,-2.7652286722301627,-0.6668510817828952
942,-2.061310957348561,-1.1626166275228897
943,-0.839590193593948,-0.7517314838063489
944,-0.05062925912127364,0.031807884714378516
945,-0.08384011777668905,0.3848063400458891
946,-0.486676724178924,0.11918226040060198
947,-0.6105219010772749,-0.2752631627006743
948,-0.32102017429932067,-0.3468544293745162
949,0.04287945130778609,-0.2044291208324992
950,0.2568905079598905,-0.2156515233798145
951,0.48222666572530787,-0.368790926018914
952,0.8674936971480274,-0.2215922899822218
953,1.0978303610110096,0.44279794022915436
954,0.6318963221597399,1.1277582053156292
955,-0.5504586941347365,1.0471441538822863
956,-1.6460226151998467,0.057918114264192126
957,-1.7033877003058733,-1.029483076509882
958,-0.6218123770454096,-1.2315649207302604
959,0.6692383290260908,-0.42870992765491994
960,1.1168839791589469,0.5304651436261703
961,0.5590987440190256,0.7819405784928828
962,-0.26093892603041635,0.35331627666100707
963,-0.6304420691182613,0.0018396416697584962
964,-0.6311078254784681,0.24148619848783856
965,-0.8827519760346196,0.7496348157815851
966,-1.6660724042345016,0.8259571799533831
967,-2.527757930550624,0.28108583763120726
968,-2.8170811337746633,-0.3481782337341858
969,-2.4468029776162714,-0.4783316655202372
970,-1.9409568363772904,-0.1652972068406934
971,-1.7639606156011016,0.05091107970751219
972,-1.8137514192044195,-0.10620326542110294
973,-1.6988981730101937,-0.3027991824010119
974,-1.3783814630738385,-0.09554592102495164
975,-1.2755602995995625,0.39535487075858433
976,-1.6870608488346956,0.5644964795341655
977,-2.2748789123205655,0.10853347884790289
978,-2.383995309825383,-0.4795022575599197
979,-1.877048833201318,-0.4130966944979457
980,-1.4406622101489774,0.4208608897270294
981,-1.8785447843119516,1.2098592344870374
982,-3.141862602262898,1.0608460623424985
983,-4.246593603416212,0.009622223961001628
984,-4.248177686513216,-0.9771848679792986
985,-3.2162842358993062,-1.0248150420074809
986,-2.1365719109384433,-0.2359304706747118
987,-1.8852108656567277,0.5282577517275923
988,-2.43468012903682,0.63275398861319
989,-3.0924884413136224,0.2441779361710247
990,-3.342028863777472,-0.08379617563455741
991,-3.2475858102377577,-0.16764973803606267
992,-3.0655125463379855,-0.31017329840785024
993,-2.7345397609873086,-0.7038840622917583
994,-1.9918991100048158,-0.9992493586450412
995,-0.9414102700383808,-0.6825151065165683
996,-0.22473539698580497,0.1923855808736038
997,-0.42576964854972726,0.9051034495287998
998,-1.3728249705773576,0.8320293513022259
999,-2.241456323268926,0.18340695768132287
1000,-2.429053900086138,-0.21784800136764995
1001,-2.196045501476911,0.09479337404443207
1002,-2.2909296752054833,0.6655737378822493
1003,-2.983397322388918,0.6566317471392836
1004,-3.665115166224978,-0.13118322530937165
1005,-3.5203979008235553,-0.979285396187658
1006,-2.4877601451112494,-1.0597957953319952
1007,-1.372869833841842,-0.3777634307510606
1008,-0.9744957843351891,0.2590782935278549
1009,-1.2438772049787437,0.18095215330202677
1010,-1.4308990450530106,-0.4205053900401565
1011,-0.9876456600668335,-0.8039543470457521
1012,-0.1436960705012894,-0.5784531489244304
1013,0.46240020360322864,-0.08570670430864538
1014,0.5512352788411649,0.12923159870684195
1015,0.414789694545541,0.009089706832749156
1016,0.40444054534519924,-0.05135423414982411
1017,0.45741450082864576,0.13978514457043684
1018,0.3101039225691903,0.22894262690775927
1019,0.06971412042126565,-0.19909028925939581
1020,0.2780801965074194,-0.9220108960053474
1021,1.2431379170410854,-1.1435908504205354
1022,2.4383242544603854,-0.37957636677272255
1023,2.830974587699121,0.8609095612814457
1024,1.923689646650705,1.4876830769042644
1025,0.3618048995754278,0.9559516267244893
1026,-0.640078419137027,-0.15614872195047572
1027,-0.4752650827478406,-0.7834796757307645
1028,0.34621680294425317,-0.4939346687732587
1029,0.8628177923388829,0.16923266872938053
1030,0.6838562751183673,0.4361295436539993
1031,0.22573393736890934,0.1946054352900352
1032,0.021473913181028842,-0.020581176151260476
1033,0.042985449649328544,0.18432885796781526
1034,-0.1501465087542791,0.5425202905164335
1035,-0.7180229319520695,0.5101048760297007
1036,-1.2508152245565276,0.009975303889969984
1037,-1.2587606419073367,-0.44917204071112093
1038,-0.7858292032674877,-0.43305155274376583
1039,-0.3307264723997355,-0.15368423535763923
1040,-0.16911287498041047,-0.18822691868369382
1041,0.028353742887790856,-0.6847744383841805
1042,0.7454552662562655,-1.0900034479143552
1043,1.885515354875871,-0.8049227677971553
1044,2.724732840924764,0.015311954990465317
1045,2.7032472998050032,0.5468201039104821
1046,2.1251609323390435,0.23941498469025674
1047,1.8701734082131245,-0.4946176690576476
1048,2.3844417845722363,-0.7082101140466008
1049,3.1213751083185457,-0.006159349108269633
1050,3.121582990108739,0.9722737347612411
1051,2.097086115399644,1.2430242776535987
1052,0.7910835783963156,0.5390709435564739
1053,0.22493716567842098,-0.46179482130662636
1054,0.7081209355107969,-0.9352581769727044
1055,1.6861923351066372,-0.7443867570750025
1056,2.462409636983307,-0.37669357430887684
1057,2.851992676330599,-0.20557487483480824
1058,3.061585444595809,-0.08096347072000196
1059,3.14025460264107,0.27216074644514626
1060,2.848942543646732,0.6725116369974162
1061,2.1389291514619346,0.5854932712946542
1062,1.521469353118239,-0.15207010746700703
1063,1.6776880969803423,-0.938118151499098
1064,2.6568155883549602,-0.9599336464964391
1065,3.6568320002845427,-0.12340987417145467
1066,3.7787644092530295,0.7674716796840502
1067,2.9674405580062295,0.8674425343860627
1068,2.053040759893679,0.22057515626333332
1069,1.817928262291135,-0.3247342843816238
1070,2.154383758233465,-0.11878551113282011
1071,2.274478009054166,0.5506313288616381
1072,1.6932577178864368,0.8387887271708531
1073,0.8114151650761328,0.3590229039081089
1074,0.4337908134122616,-0.3854350631054863
1075,0.8365859745393474,-0.631276198780826
1076,1.4960427988651293,-0.2436859929718186
1077,1.748260904839392,0.2025712356033998
1078,1.5326133142922593,0.18339108714534794
1079,1.3374842192723022,-0.15781700671475143
1080,1.5000896103070576,-0.2795564025892204
1081,1.7898663863389475,0.009358134875587617
1082,1.7764859614328015,0.3163608954460531
1083,1.4416110134371807,0.23696510002755208
1084,1.1905563317527876,-0.04888210905391953
1085,1.2393690208501267,0.013747032248088648
1086,1.222493137158833,0.5636597263045102
1087,0.629732289979752,0.9879470551835168
1088,-0.4061954135971453,0.5730620455569682
1089,-1.0055458497164529,-0.5716351250505742
1090,-0.40486633233402003,-1.4623157053554945
1091,1.127413743583692,-1.2255507360137783
1092,2.408667394794537,-0.03934803504405264
1093,2.445058910128457,1.0456376266582363
1094,1.345081726531737,1.2025190850108383
1095,0.08300392937875417,0.6023095721559361
1096,-0.5479555821235971,0.050575585510333115
1097,-0.5998270356796132,0.015627024821965735
1098,-0.6149934269023525,0.21822057938461964
1099,-0.8423039285293145,0.1713491782696941
1100,-1.020071804085898,-0.12060159605163016
1101,-0.8917266724196555,-0.2126894438136695
1102,-0.6671954401029465,0.09955229359039175
1103,-0.7701212884297326,0.41824425673458576
1104,-1.2066045677771045,0.22178290361689132
1105,-1.4364626378775522,-0.4171721636485795
1106,-0.9966889843126283,-0.8350684269851812
1107,-0.12013580654764242,-0.5681372885487301
1108,0.4751096374246298,0.03543397014718768
1109,0.4370497336778222,0.18679310340684993
1110,0.24054886418802085,-0.38702337646923934
1111,0.6453939357933776,-1.0626152754486757
1112,1.7569707555644871,-1.0200066607444904
1113,2.8217007952468727,-0.21662840801754693
1114,3.042930415104467,0.5327957975600524
1115,2.47885221377983,0.4862127552214348
1116,1.9646881783213397,-0.17690120075890647
1117,2.1460258695725476,-0.5811379818560223
1118,2.750354501650829,-0.169556611204455
1119,2.922428936380927,0.6914180805948699
1120,2.192468019751505,1.1820092234902535
1121,0.9501752471229034,0.9488179886481207
1122,-0.04541381603298289,0.3775335891576421
1123,-0.44071058716588385,-0.008327346363670156
1124,-0.4311080095769346,-0.1735901022384579
1125,-0.2484464102325272,-0.43016664255854486
1126,0.20256021405183572,-0.7984941950430049
1127,1.0384110228252783,-0.813061039802836
1128,1.8878458580450597,-0.11825682002992119
1129,2.0079194911361657,0.8953118862473928
1130,1.066251408709996,1.3229844888915845
1131,-0.32143108300581485,0.707586480878946
1132,-1.061837302638083,-0.38001325930913415
1133,-0.6617290925843645,-0.8923795895502545
1134,0.27417564057131444,-0.41920486725627687
1135,0.712656850142932,0.40158068209080655
1136,0.2906596293004137,0.6408103896096248
1137,-0.3810367602138206,0.11202686209663562
1138,-0.49759943149396096,-0.5031249156859285
1139,0.030314054919916122,-0.5194890798767493
1140,0.5743097592158369,-0.028960168510069426
1141,0.6034908688019696,0.3065357074681651
1142,0.28125174372055856,0.11653336381120669
1143,0.15864487592603066,-0.25871883202645946
1144,0.429281537525789,-0.2722917312226782
1145,0.7135917034422548,0.09771012668060447
1146,0.6098335659884357,0.3381500525865963
1147,0.25447233065116215,0.10393014433399185
1148,0.14511826230377928,-0.3017251857463332
1149,0.46082215214375943,-0.3150434908330334
1150,0.7898427776781249,0.12298160595732101
1151,0.659465540677828,0.4352746679543343
1152,0.20228728817906094,0.13597009060618948
1153,0.0594824367198214,-0.4807232746970627
1154,0.5628207183313751,-0.6077411903808485
1155,1.1981770664082598,0.09636379935145868
1156,1.094859754968164,0.9899394148514726
1157,0.055915215750029446,1.0775159148909121
1158,-1.0726695306154734,0.11368928231998611
1159,-1.1895899743952016,-1.0857006925642838
1160,-0.050166033029944074,-1.4893061186331575
1161,1.5096714641084847,-0.886805718646311
1162,2.4353959303044848,0.02750236164749648
1163,2.401722157611278,0.5163271555420844
1164,1.8561738363635658,0.5313870490338444
1165,1.2959445181053078,0.5144801385435201
1166,0.754542116751872,0.6656493167407705
1167,0.05590437291246142,0.6835050832016328
1168,-0.6600362821983363,0.282520632592092
1169,-0.954597576829332,-0.2668243933923633
1170,-0.6732455473818657,-0.36941801332536095
1171,-0.28501082852665993,0.1273808492964353
1172,-0.41784564707027405,0.6306767695696245
1173,-1.0775121751239787,0.4402811177650562
1174,-1.5364596829301265,-0.38784593567365105
1175,-1.1271991352292297,-1.0255082240073767
1176,-0.05093901707382094,-0.792023791976331
1177,0.7786423940873362,0.05284953009966067
1178,0.7217362624625523,0.5964009765131135
1179,0.09568730640769085,0.3191766013582797
1180,-0.23877490825034797,-0.33062325424990985
1181,0.10796146024611396,-0.501224673272811
1182,0.632673717753936,0.05102017325900262
1183,0.5779753927694389,0.7052241393700543
1184,-0.1617555803836743,0.7439744164213495
1185,-0.9405899150393142,0.1911706884561598
1186,-1.1389201114514826,-0.2697921270537529
1187,-0.8540913556412137,-0.1358852329145342
1188,-0.7100717667592299,0.3737870149769998
1189,-1.100115467889264,0.6916330595798826
1190,-1.8222564413054256,0.6379537602804531
1191,-2.4867352759722836,0.553765648204391
1192,-3.061715685578627,0.7008038400984391
1193,-3.789537936126884,0.7844963273324789
1194,-4.6035549460386855,0.3052247481775038
1195,-4.914007023385583,-0.6657675734784965
1196,-4.206926500494294,-1.328319988912543
1197,-2.8073748364723743,-0.9539418628338282
1198,-1.8027051858863516,0.23235780804745268
1199,-2.042446058909278,0.003900435894749782
